Nom entreprise;siren;siret;sigle;nb_etablissements;nb_etab_ouverts;activite_principale;activite_principale_naf25;annee_tranche_effectif_salarie;siege_adresse;caractere_employeur;coordonnees;date_creation;date_debut_activite;latitude;longitude;etat_administratif;nature_juridique;tranche_effectif_salarie;section_activite_principale
LA POSTE;356000000;;;13120;9088;53.10Z;53.10Y;2023;DIRECTION GENERALE DE LA POSTE 9 RUE DU COLONEL PIERRE AVIA 75015 PARIS;O;48.831515159,2.2780898787;2003-01-01;2008-01-01;48.831515159;2.2780898787;A;5510;53;H
LA POSTE;356000000;;;13120;9088;53.10Z;53.10Y;2023;DIRECTION GENERALE DE LA POSTE 9 RUE DU COLONEL PIERRE AVIA 75015 PARIS;O;48.831515159,2.2780898787;2003-01-01;2008-01-01;48.831515159;2.2780898787;A;5510;53;H
LA POSTE;356000000;;;13120;9088;53.10Z;53.10Y;2023;DIRECTION GENERALE DE LA POSTE 9 RUE DU COLONEL PIERRE AVIA 75015 PARIS;O;48.831515159,2.2780898787;2003-01-01;2008-01-01;48.831515159;2.2780898787;A;5510;53;H
LA POSTE;356000000;;;13120;9088;53.10Z;53.10Y;2023;DIRECTION GENERALE DE LA POSTE 9 RUE DU COLONEL PIERRE AVIA 75015 PARIS;O;48.831515159,2.2780898787;2003-01-01;2008-01-01;48.831515159;2.2780898787;A;5510;53;H
LA POSTE;356000000;;;13120;9088;53.10Z;53.10Y;2023;DIRECTION GENERALE DE LA POSTE 9 RUE DU COLONEL PIERRE AVIA 75015 PARIS;O;48.831515159,2.2780898787;2003-01-01;2008-01-01;48.831515159;2.2780898787;A;5510;53;H
LA POSTE;356000000;;;13120;9088;53.10Z;53.10Y;2023;DIRECTION GENERALE DE LA POSTE 9 RUE DU COLONEL PIERRE AVIA 75015 PARIS;O;48.831515159,2.2780898787;2003-01-01;2008-01-01;48.831515159;2.2780898787;A;5510;53;H
LA POSTE;356000000;;;13120;9088;53.10Z;53.10Y;2023;DIRECTION GENERALE DE LA POSTE 9 RUE DU COLONEL PIERRE AVIA 75015 PARIS;O;48.831515159,2.2780898787;2003-01-01;2008-01-01;48.831515159;2.2780898787;A;5510;53;H
LA POSTE;356000000;;;13120;9088;53.10Z;53.10Y;2023;DIRECTION GENERALE DE LA POSTE 9 RUE DU COLONEL PIERRE AVIA 75015 PARIS;O;48.831515159,2.2780898787;2003-01-01;2008-01-01;48.831515159;2.2780898787;A;5510;53;H
LA POSTE;356000000;;;13120;9088;53.10Z;53.10Y;2023;DIRECTION GENERALE DE LA POSTE 9 RUE DU COLONEL PIERRE AVIA 75015 PARIS;O;48.831515159,2.2780898787;2003-01-01;2008-01-01;48.831515159;2.2780898787;A;5510;53;H
LA POSTE;356000000;;;13120;9088;53.10Z;53.10Y;2023;DIRECTION GENERALE DE LA POSTE 9 RUE DU COLONEL PIERRE AVIA 75015 PARIS;O;48.831515159,2.2780898787;2003-01-01;2008-01-01;48.831515159;2.2780898787;A;5510;53;H
LA POSTE;356000000;;;13120;9088;53.10Z;53.10Y;2023;DIRECTION GENERALE DE LA POSTE 9 RUE DU COLONEL PIERRE AVIA 75015 PARIS;O;48.831515159,2.2780898787;2003-01-01;2008-01-01;48.831515159;2.2780898787;A;5510;53;H
LA POSTE;356000000;;;13120;9088;53.10Z;53.10Y;2023;DIRECTION GENERALE DE LA POSTE 9 RUE DU COLONEL PIERRE AVIA 75015 PARIS;O;48.831515159,2.2780898787;2003-01-01;2008-01-01;48.831515159;2.2780898787;A;5510;53;H
LA POSTE;356000000;;;13120;9088;53.10Z;53.10Y;2023;DIRECTION GENERALE DE LA POSTE 9 RUE DU COLONEL PIERRE AVIA 75015 PARIS;O;48.831515159,2.2780898787;2003-01-01;2008-01-01;48.831515159;2.2780898787;A;5510;53;H
LA POSTE;356000000;;;13120;9088;53.10Z;53.10Y;2023;DIRECTION GENERALE DE LA POSTE 9 RUE DU COLONEL PIERRE AVIA 75015 PARIS;O;48.831515159,2.2780898787;2003-01-01;2008-01-01;48.831515159;2.2780898787;A;5510;53;H
LA POSTE;356000000;;;13120;9088;53.10Z;53.10Y;2023;DIRECTION GENERALE DE LA POSTE 9 RUE DU COLONEL PIERRE AVIA 75015 PARIS;O;48.831515159,2.2780898787;2003-01-01;2008-01-01;48.831515159;2.2780898787;A;5510;53;H
LA POSTE;356000000;;;13120;9088;53.10Z;53.10Y;2023;DIRECTION GENERALE DE LA POSTE 9 RUE DU COLONEL PIERRE AVIA 75015 PARIS;O;48.831515159,2.2780898787;2003-01-01;2008-01-01;48.831515159;2.2780898787;A;5510;53;H
LA POSTE;356000000;;;13120;9088;53.10Z;53.10Y;2023;DIRECTION GENERALE DE LA POSTE 9 RUE DU COLONEL PIERRE AVIA 75015 PARIS;O;48.831515159,2.2780898787;2003-01-01;2008-01-01;48.831515159;2.2780898787;A;5510;53;H
LA POSTE;356000000;;;13120;9088;53.10Z;53.10Y;2023;DIRECTION GENERALE DE LA POSTE 9 RUE DU COLONEL PIERRE AVIA 75015 PARIS;O;48.831515159,2.2780898787;2003-01-01;2008-01-01;48.831515159;2.2780898787;A;5510;53;H
LA POSTE;356000000;;;13120;9088;53.10Z;53.10Y;2023;DIRECTION GENERALE DE LA POSTE 9 RUE DU COLONEL PIERRE AVIA 75015 PARIS;O;48.831515159,2.2780898787;2003-01-01;2008-01-01;48.831515159;2.2780898787;A;5510;53;H
LA POSTE;356000000;;;13120;9088;53.10Z;53.10Y;2023;DIRECTION GENERALE DE LA POSTE 9 RUE DU COLONEL PIERRE AVIA 75015 PARIS;O;48.831515159,2.2780898787;2003-01-01;2008-01-01;48.831515159;2.2780898787;A;5510;53;H
LA POSTE;903908796;;;1;1;68.20B;68.20H;;FRM DE VALSERY 02600 COEUVRES-ET-VALSERY;N;49.341208579,3.1561401353;2021-09-22;2021-09-22;49.341208579;3.1561401353;A;6540;NN;L
LA POSTE;903908796;;;1;1;68.20B;68.20H;;FRM DE VALSERY 02600 COEUVRES-ET-VALSERY;N;49.341208579,3.1561401353;2021-09-22;2021-09-22;49.341208579;3.1561401353;A;6540;NN;L
LA POSTE;903908796;;;1;1;68.20B;68.20H;;FRM DE VALSERY 02600 COEUVRES-ET-VALSERY;N;49.341208579,3.1561401353;2021-09-22;2021-09-22;49.341208579;3.1561401353;A;6540;NN;L
LA POSTE;903908796;;;1;1;68.20B;68.20H;;FRM DE VALSERY 02600 COEUVRES-ET-VALSERY;N;49.341208579,3.1561401353;2021-09-22;2021-09-22;49.341208579;3.1561401353;A;6540;NN;L
LA POSTE;903908796;;;1;1;68.20B;68.20H;;FRM DE VALSERY 02600 COEUVRES-ET-VALSERY;N;49.341208579,3.1561401353;2021-09-22;2021-09-22;49.341208579;3.1561401353;A;6540;NN;L
LA POSTE;903908796;;;1;1;68.20B;68.20H;;FRM DE VALSERY 02600 COEUVRES-ET-VALSERY;N;49.341208579,3.1561401353;2021-09-22;2021-09-22;49.341208579;3.1561401353;A;6540;NN;L
LA POSTE;903908796;;;1;1;68.20B;68.20H;;FRM DE VALSERY 02600 COEUVRES-ET-VALSERY;N;49.341208579,3.1561401353;2021-09-22;2021-09-22;49.341208579;3.1561401353;A;6540;NN;L
LA POSTE;903908796;;;1;1;68.20B;68.20H;;FRM DE VALSERY 02600 COEUVRES-ET-VALSERY;N;49.341208579,3.1561401353;2021-09-22;2021-09-22;49.341208579;3.1561401353;A;6540;NN;L
LA POSTE;903908796;;;1;1;68.20B;68.20H;;FRM DE VALSERY 02600 COEUVRES-ET-VALSERY;N;49.341208579,3.1561401353;2021-09-22;2021-09-22;49.341208579;3.1561401353;A;6540;NN;L
LA POSTE;903908796;;;1;1;68.20B;68.20H;;FRM DE VALSERY 02600 COEUVRES-ET-VALSERY;N;49.341208579,3.1561401353;2021-09-22;2021-09-22;49.341208579;3.1561401353;A;6540;NN;L
LA POSTE;903908796;;;1;1;68.20B;68.20H;;FRM DE VALSERY 02600 COEUVRES-ET-VALSERY;N;49.341208579,3.1561401353;2021-09-22;2021-09-22;49.341208579;3.1561401353;A;6540;NN;L
LA POSTE;903908796;;;1;1;68.20B;68.20H;;FRM DE VALSERY 02600 COEUVRES-ET-VALSERY;N;49.341208579,3.1561401353;2021-09-22;2021-09-22;49.341208579;3.1561401353;A;6540;NN;L
LA POSTE;903908796;;;1;1;68.20B;68.20H;;FRM DE VALSERY 02600 COEUVRES-ET-VALSERY;N;49.341208579,3.1561401353;2021-09-22;2021-09-22;49.341208579;3.1561401353;A;6540;NN;L
LA POSTE;903908796;;;1;1;68.20B;68.20H;;FRM DE VALSERY 02600 COEUVRES-ET-VALSERY;N;49.341208579,3.1561401353;2021-09-22;2021-09-22;49.341208579;3.1561401353;A;6540;NN;L
LA POSTE;903908796;;;1;1;68.20B;68.20H;;FRM DE VALSERY 02600 COEUVRES-ET-VALSERY;N;49.341208579,3.1561401353;2021-09-22;2021-09-22;49.341208579;3.1561401353;A;6540;NN;L
LA POSTE;903908796;;;1;1;68.20B;68.20H;;FRM DE VALSERY 02600 COEUVRES-ET-VALSERY;N;49.341208579,3.1561401353;2021-09-22;2021-09-22;49.341208579;3.1561401353;A;6540;NN;L
LA POSTE;903908796;;;1;1;68.20B;68.20H;;FRM DE VALSERY 02600 COEUVRES-ET-VALSERY;N;49.341208579,3.1561401353;2021-09-22;2021-09-22;49.341208579;3.1561401353;A;6540;NN;L
LA POSTE;903908796;;;1;1;68.20B;68.20H;;FRM DE VALSERY 02600 COEUVRES-ET-VALSERY;N;49.341208579,3.1561401353;2021-09-22;2021-09-22;49.341208579;3.1561401353;A;6540;NN;L
LA POSTE;903908796;;;1;1;68.20B;68.20H;;FRM DE VALSERY 02600 COEUVRES-ET-VALSERY;N;49.341208579,3.1561401353;2021-09-22;2021-09-22;49.341208579;3.1561401353;A;6540;NN;L
LA POSTE;903908796;;;1;1;68.20B;68.20H;;FRM DE VALSERY 02600 COEUVRES-ET-VALSERY;N;49.341208579,3.1561401353;2021-09-22;2021-09-22;49.341208579;3.1561401353;A;6540;NN;L
LA POSTE;505017012;;;2;1;68.20B;68.20H;;81 RUE JOUFFROY D'ABBANS 75017 PARIS;N;48.883185469,2.303883641;2010-08-25;2010-08-25;48.883185469;2.303883641;A;6540;NN;L
LA POSTE;505017012;;;2;1;68.20B;68.20H;;81 RUE JOUFFROY D'ABBANS 75017 PARIS;N;48.883185469,2.303883641;2010-08-25;2010-08-25;48.883185469;2.303883641;A;6540;NN;L
LA POSTE;505017012;;;2;1;68.20B;68.20H;;81 RUE JOUFFROY D'ABBANS 75017 PARIS;N;48.883185469,2.303883641;2010-08-25;2010-08-25;48.883185469;2.303883641;A;6540;NN;L
LA POSTE;505017012;;;2;1;68.20B;68.20H;;81 RUE JOUFFROY D'ABBANS 75017 PARIS;N;48.883185469,2.303883641;2010-08-25;2010-08-25;48.883185469;2.303883641;A;6540;NN;L
LA POSTE;505017012;;;2;1;68.20B;68.20H;;81 RUE JOUFFROY D'ABBANS 75017 PARIS;N;48.883185469,2.303883641;2010-08-25;2010-08-25;48.883185469;2.303883641;A;6540;NN;L
LA POSTE;505017012;;;2;1;68.20B;68.20H;;81 RUE JOUFFROY D'ABBANS 75017 PARIS;N;48.883185469,2.303883641;2010-08-25;2010-08-25;48.883185469;2.303883641;A;6540;NN;L
LA POSTE;505017012;;;2;1;68.20B;68.20H;;81 RUE JOUFFROY D'ABBANS 75017 PARIS;N;48.883185469,2.303883641;2010-08-25;2010-08-25;48.883185469;2.303883641;A;6540;NN;L
LA POSTE;505017012;;;2;1;68.20B;68.20H;;81 RUE JOUFFROY D'ABBANS 75017 PARIS;N;48.883185469,2.303883641;2010-08-25;2010-08-25;48.883185469;2.303883641;A;6540;NN;L
LA POSTE;505017012;;;2;1;68.20B;68.20H;;81 RUE JOUFFROY D'ABBANS 75017 PARIS;N;48.883185469,2.303883641;2010-08-25;2010-08-25;48.883185469;2.303883641;A;6540;NN;L
LA POSTE;505017012;;;2;1;68.20B;68.20H;;81 RUE JOUFFROY D'ABBANS 75017 PARIS;N;48.883185469,2.303883641;2010-08-25;2010-08-25;48.883185469;2.303883641;A;6540;NN;L
LA POSTE;505017012;;;2;1;68.20B;68.20H;;81 RUE JOUFFROY D'ABBANS 75017 PARIS;N;48.883185469,2.303883641;2010-08-25;2010-08-25;48.883185469;2.303883641;A;6540;NN;L
LA POSTE;505017012;;;2;1;68.20B;68.20H;;81 RUE JOUFFROY D'ABBANS 75017 PARIS;N;48.883185469,2.303883641;2010-08-25;2010-08-25;48.883185469;2.303883641;A;6540;NN;L
LA POSTE;505017012;;;2;1;68.20B;68.20H;;81 RUE JOUFFROY D'ABBANS 75017 PARIS;N;48.883185469,2.303883641;2010-08-25;2010-08-25;48.883185469;2.303883641;A;6540;NN;L
LA POSTE;505017012;;;2;1;68.20B;68.20H;;81 RUE JOUFFROY D'ABBANS 75017 PARIS;N;48.883185469,2.303883641;2010-08-25;2010-08-25;48.883185469;2.303883641;A;6540;NN;L
LA POSTE;505017012;;;2;1;68.20B;68.20H;;81 RUE JOUFFROY D'ABBANS 75017 PARIS;N;48.883185469,2.303883641;2010-08-25;2010-08-25;48.883185469;2.303883641;A;6540;NN;L
LA POSTE;505017012;;;2;1;68.20B;68.20H;;81 RUE JOUFFROY D'ABBANS 75017 PARIS;N;48.883185469,2.303883641;2010-08-25;2010-08-25;48.883185469;2.303883641;A;6540;NN;L
LA POSTE;505017012;;;2;1;68.20B;68.20H;;81 RUE JOUFFROY D'ABBANS 75017 PARIS;N;48.883185469,2.303883641;2010-08-25;2010-08-25;48.883185469;2.303883641;A;6540;NN;L
LA POSTE;505017012;;;2;1;68.20B;68.20H;;81 RUE JOUFFROY D'ABBANS 75017 PARIS;N;48.883185469,2.303883641;2010-08-25;2010-08-25;48.883185469;2.303883641;A;6540;NN;L
LA POSTE;505017012;;;2;1;68.20B;68.20H;;81 RUE JOUFFROY D'ABBANS 75017 PARIS;N;48.883185469,2.303883641;2010-08-25;2010-08-25;48.883185469;2.303883641;A;6540;NN;L
LA POSTE;505017012;;;2;1;68.20B;68.20H;;81 RUE JOUFFROY D'ABBANS 75017 PARIS;N;48.883185469,2.303883641;2010-08-25;2010-08-25;48.883185469;2.303883641;A;6540;NN;L
LA POSTE;532484755;;;1;1;68.20B;68.20H;;4 RUE DUBOURDIEU 33370 TRESSES;N;44.841773348,-0.493207712;2011-05-13;2011-05-13;44.841773348;-0.493207712;A;6540;NN;L
LA POSTE;532484755;;;1;1;68.20B;68.20H;;4 RUE DUBOURDIEU 33370 TRESSES;N;44.841773348,-0.493207712;2011-05-13;2011-05-13;44.841773348;-0.493207712;A;6540;NN;L
LA POSTE;532484755;;;1;1;68.20B;68.20H;;4 RUE DUBOURDIEU 33370 TRESSES;N;44.841773348,-0.493207712;2011-05-13;2011-05-13;44.841773348;-0.493207712;A;6540;NN;L
LA POSTE;532484755;;;1;1;68.20B;68.20H;;4 RUE DUBOURDIEU 33370 TRESSES;N;44.841773348,-0.493207712;2011-05-13;2011-05-13;44.841773348;-0.493207712;A;6540;NN;L
LA POSTE;532484755;;;1;1;68.20B;68.20H;;4 RUE DUBOURDIEU 33370 TRESSES;N;44.841773348,-0.493207712;2011-05-13;2011-05-13;44.841773348;-0.493207712;A;6540;NN;L
LA POSTE;532484755;;;1;1;68.20B;68.20H;;4 RUE DUBOURDIEU 33370 TRESSES;N;44.841773348,-0.493207712;2011-05-13;2011-05-13;44.841773348;-0.493207712;A;6540;NN;L
LA POSTE;532484755;;;1;1;68.20B;68.20H;;4 RUE DUBOURDIEU 33370 TRESSES;N;44.841773348,-0.493207712;2011-05-13;2011-05-13;44.841773348;-0.493207712;A;6540;NN;L
LA POSTE;532484755;;;1;1;68.20B;68.20H;;4 RUE DUBOURDIEU 33370 TRESSES;N;44.841773348,-0.493207712;2011-05-13;2011-05-13;44.841773348;-0.493207712;A;6540;NN;L
LA POSTE;532484755;;;1;1;68.20B;68.20H;;4 RUE DUBOURDIEU 33370 TRESSES;N;44.841773348,-0.493207712;2011-05-13;2011-05-13;44.841773348;-0.493207712;A;6540;NN;L
LA POSTE;532484755;;;1;1;68.20B;68.20H;;4 RUE DUBOURDIEU 33370 TRESSES;N;44.841773348,-0.493207712;2011-05-13;2011-05-13;44.841773348;-0.493207712;A;6540;NN;L
LA POSTE;532484755;;;1;1;68.20B;68.20H;;4 RUE DUBOURDIEU 33370 TRESSES;N;44.841773348,-0.493207712;2011-05-13;2011-05-13;44.841773348;-0.493207712;A;6540;NN;L
LA POSTE;532484755;;;1;1;68.20B;68.20H;;4 RUE DUBOURDIEU 33370 TRESSES;N;44.841773348,-0.493207712;2011-05-13;2011-05-13;44.841773348;-0.493207712;A;6540;NN;L
LA POSTE;532484755;;;1;1;68.20B;68.20H;;4 RUE DUBOURDIEU 33370 TRESSES;N;44.841773348,-0.493207712;2011-05-13;2011-05-13;44.841773348;-0.493207712;A;6540;NN;L
LA POSTE;532484755;;;1;1;68.20B;68.20H;;4 RUE DUBOURDIEU 33370 TRESSES;N;44.841773348,-0.493207712;2011-05-13;2011-05-13;44.841773348;-0.493207712;A;6540;NN;L
LA POSTE;532484755;;;1;1;68.20B;68.20H;;4 RUE DUBOURDIEU 33370 TRESSES;N;44.841773348,-0.493207712;2011-05-13;2011-05-13;44.841773348;-0.493207712;A;6540;NN;L
LA POSTE;532484755;;;1;1;68.20B;68.20H;;4 RUE DUBOURDIEU 33370 TRESSES;N;44.841773348,-0.493207712;2011-05-13;2011-05-13;44.841773348;-0.493207712;A;6540;NN;L
LA POSTE;532484755;;;1;1;68.20B;68.20H;;4 RUE DUBOURDIEU 33370 TRESSES;N;44.841773348,-0.493207712;2011-05-13;2011-05-13;44.841773348;-0.493207712;A;6540;NN;L
LA POSTE;532484755;;;1;1;68.20B;68.20H;;4 RUE DUBOURDIEU 33370 TRESSES;N;44.841773348,-0.493207712;2011-05-13;2011-05-13;44.841773348;-0.493207712;A;6540;NN;L
LA POSTE;532484755;;;1;1;68.20B;68.20H;;4 RUE DUBOURDIEU 33370 TRESSES;N;44.841773348,-0.493207712;2011-05-13;2011-05-13;44.841773348;-0.493207712;A;6540;NN;L
LA POSTE;532484755;;;1;1;68.20B;68.20H;;4 RUE DUBOURDIEU 33370 TRESSES;N;44.841773348,-0.493207712;2011-05-13;2011-05-13;44.841773348;-0.493207712;A;6540;NN;L
LA POSTE;987940533;;;1;1;68.20B;68.20H;;431 CHEMIN DE MARBAN 36130 DEOLS;N;46.8385076860613,1.69139557270939;2025-06-11;2025-06-11;46.8385076860613;1.69139557270939;A;6540;NN;L
LA POSTE;987940533;;;1;1;68.20B;68.20H;;431 CHEMIN DE MARBAN 36130 DEOLS;N;46.8385076860613,1.69139557270939;2025-06-11;2025-06-11;46.8385076860613;1.69139557270939;A;6540;NN;L
LA POSTE;987940533;;;1;1;68.20B;68.20H;;431 CHEMIN DE MARBAN 36130 DEOLS;N;46.8385076860613,1.69139557270939;2025-06-11;2025-06-11;46.8385076860613;1.69139557270939;A;6540;NN;L
LA POSTE;987940533;;;1;1;68.20B;68.20H;;431 CHEMIN DE MARBAN 36130 DEOLS;N;46.8385076860613,1.69139557270939;2025-06-11;2025-06-11;46.8385076860613;1.69139557270939;A;6540;NN;L
LA POSTE;987940533;;;1;1;68.20B;68.20H;;431 CHEMIN DE MARBAN 36130 DEOLS;N;46.8385076860613,1.69139557270939;2025-06-11;2025-06-11;46.8385076860613;1.69139557270939;A;6540;NN;L
LA POSTE;987940533;;;1;1;68.20B;68.20H;;431 CHEMIN DE MARBAN 36130 DEOLS;N;46.8385076860613,1.69139557270939;2025-06-11;2025-06-11;46.8385076860613;1.69139557270939;A;6540;NN;L
LA POSTE;987940533;;;1;1;68.20B;68.20H;;431 CHEMIN DE MARBAN 36130 DEOLS;N;46.8385076860613,1.69139557270939;2025-06-11;2025-06-11;46.8385076860613;1.69139557270939;A;6540;NN;L
LA POSTE;987940533;;;1;1;68.20B;68.20H;;431 CHEMIN DE MARBAN 36130 DEOLS;N;46.8385076860613,1.69139557270939;2025-06-11;2025-06-11;46.8385076860613;1.69139557270939;A;6540;NN;L
LA POSTE;987940533;;;1;1;68.20B;68.20H;;431 CHEMIN DE MARBAN 36130 DEOLS;N;46.8385076860613,1.69139557270939;2025-06-11;2025-06-11;46.8385076860613;1.69139557270939;A;6540;NN;L
LA POSTE;987940533;;;1;1;68.20B;68.20H;;431 CHEMIN DE MARBAN 36130 DEOLS;N;46.8385076860613,1.69139557270939;2025-06-11;2025-06-11;46.8385076860613;1.69139557270939;A;6540;NN;L
LA POSTE;987940533;;;1;1;68.20B;68.20H;;431 CHEMIN DE MARBAN 36130 DEOLS;N;46.8385076860613,1.69139557270939;2025-06-11;2025-06-11;46.8385076860613;1.69139557270939;A;6540;NN;L
LA POSTE;987940533;;;1;1;68.20B;68.20H;;431 CHEMIN DE MARBAN 36130 DEOLS;N;46.8385076860613,1.69139557270939;2025-06-11;2025-06-11;46.8385076860613;1.69139557270939;A;6540;NN;L
LA POSTE;987940533;;;1;1;68.20B;68.20H;;431 CHEMIN DE MARBAN 36130 DEOLS;N;46.8385076860613,1.69139557270939;2025-06-11;2025-06-11;46.8385076860613;1.69139557270939;A;6540;NN;L
LA POSTE;987940533;;;1;1;68.20B;68.20H;;431 CHEMIN DE MARBAN 36130 DEOLS;N;46.8385076860613,1.69139557270939;2025-06-11;2025-06-11;46.8385076860613;1.69139557270939;A;6540;NN;L
LA POSTE;987940533;;;1;1;68.20B;68.20H;;431 CHEMIN DE MARBAN 36130 DEOLS;N;46.8385076860613,1.69139557270939;2025-06-11;2025-06-11;46.8385076860613;1.69139557270939;A;6540;NN;L
LA POSTE;987940533;;;1;1;68.20B;68.20H;;431 CHEMIN DE MARBAN 36130 DEOLS;N;46.8385076860613,1.69139557270939;2025-06-11;2025-06-11;46.8385076860613;1.69139557270939;A;6540;NN;L
LA POSTE;987940533;;;1;1;68.20B;68.20H;;431 CHEMIN DE MARBAN 36130 DEOLS;N;46.8385076860613,1.69139557270939;2025-06-11;2025-06-11;46.8385076860613;1.69139557270939;A;6540;NN;L
LA POSTE;987940533;;;1;1;68.20B;68.20H;;431 CHEMIN DE MARBAN 36130 DEOLS;N;46.8385076860613,1.69139557270939;2025-06-11;2025-06-11;46.8385076860613;1.69139557270939;A;6540;NN;L
LA POSTE;987940533;;;1;1;68.20B;68.20H;;431 CHEMIN DE MARBAN 36130 DEOLS;N;46.8385076860613,1.69139557270939;2025-06-11;2025-06-11;46.8385076860613;1.69139557270939;A;6540;NN;L
LA POSTE;987940533;;;1;1;68.20B;68.20H;;431 CHEMIN DE MARBAN 36130 DEOLS;N;46.8385076860613,1.69139557270939;2025-06-11;2025-06-11;46.8385076860613;1.69139557270939;A;6540;NN;L
LA POSTE;483315974;;;1;1;81.10Z;94.99Y;;27 GRANDE RUE 25500 MORTEAU;N;47.0572855747527,6.60427177631243;2005-07-01;2008-01-01;47.0572855747527;6.60427177631243;A;9110;NN;N
LA POSTE;483315974;;;1;1;81.10Z;94.99Y;;27 GRANDE RUE 25500 MORTEAU;N;47.0572855747527,6.60427177631243;2005-07-01;2008-01-01;47.0572855747527;6.60427177631243;A;9110;NN;N
LA POSTE;483315974;;;1;1;81.10Z;94.99Y;;27 GRANDE RUE 25500 MORTEAU;N;47.0572855747527,6.60427177631243;2005-07-01;2008-01-01;47.0572855747527;6.60427177631243;A;9110;NN;N
LA POSTE;483315974;;;1;1;81.10Z;94.99Y;;27 GRANDE RUE 25500 MORTEAU;N;47.0572855747527,6.60427177631243;2005-07-01;2008-01-01;47.0572855747527;6.60427177631243;A;9110;NN;N
LA POSTE;483315974;;;1;1;81.10Z;94.99Y;;27 GRANDE RUE 25500 MORTEAU;N;47.0572855747527,6.60427177631243;2005-07-01;2008-01-01;47.0572855747527;6.60427177631243;A;9110;NN;N
LA POSTE;483315974;;;1;1;81.10Z;94.99Y;;27 GRANDE RUE 25500 MORTEAU;N;47.0572855747527,6.60427177631243;2005-07-01;2008-01-01;47.0572855747527;6.60427177631243;A;9110;NN;N
LA POSTE;483315974;;;1;1;81.10Z;94.99Y;;27 GRANDE RUE 25500 MORTEAU;N;47.0572855747527,6.60427177631243;2005-07-01;2008-01-01;47.0572855747527;6.60427177631243;A;9110;NN;N
LA POSTE;483315974;;;1;1;81.10Z;94.99Y;;27 GRANDE RUE 25500 MORTEAU;N;47.0572855747527,6.60427177631243;2005-07-01;2008-01-01;47.0572855747527;6.60427177631243;A;9110;NN;N
LA POSTE;483315974;;;1;1;81.10Z;94.99Y;;27 GRANDE RUE 25500 MORTEAU;N;47.0572855747527,6.60427177631243;2005-07-01;2008-01-01;47.0572855747527;6.60427177631243;A;9110;NN;N
LA POSTE;483315974;;;1;1;81.10Z;94.99Y;;27 GRANDE RUE 25500 MORTEAU;N;47.0572855747527,6.60427177631243;2005-07-01;2008-01-01;47.0572855747527;6.60427177631243;A;9110;NN;N
LA POSTE;483315974;;;1;1;81.10Z;94.99Y;;27 GRANDE RUE 25500 MORTEAU;N;47.0572855747527,6.60427177631243;2005-07-01;2008-01-01;47.0572855747527;6.60427177631243;A;9110;NN;N
LA POSTE;483315974;;;1;1;81.10Z;94.99Y;;27 GRANDE RUE 25500 MORTEAU;N;47.0572855747527,6.60427177631243;2005-07-01;2008-01-01;47.0572855747527;6.60427177631243;A;9110;NN;N
LA POSTE;483315974;;;1;1;81.10Z;94.99Y;;27 GRANDE RUE 25500 MORTEAU;N;47.0572855747527,6.60427177631243;2005-07-01;2008-01-01;47.0572855747527;6.60427177631243;A;9110;NN;N
LA POSTE;483315974;;;1;1;81.10Z;94.99Y;;27 GRANDE RUE 25500 MORTEAU;N;47.0572855747527,6.60427177631243;2005-07-01;2008-01-01;47.0572855747527;6.60427177631243;A;9110;NN;N
LA POSTE;483315974;;;1;1;81.10Z;94.99Y;;27 GRANDE RUE 25500 MORTEAU;N;47.0572855747527,6.60427177631243;2005-07-01;2008-01-01;47.0572855747527;6.60427177631243;A;9110;NN;N
LA POSTE;483315974;;;1;1;81.10Z;94.99Y;;27 GRANDE RUE 25500 MORTEAU;N;47.0572855747527,6.60427177631243;2005-07-01;2008-01-01;47.0572855747527;6.60427177631243;A;9110;NN;N
LA POSTE;483315974;;;1;1;81.10Z;94.99Y;;27 GRANDE RUE 25500 MORTEAU;N;47.0572855747527,6.60427177631243;2005-07-01;2008-01-01;47.0572855747527;6.60427177631243;A;9110;NN;N
LA POSTE;483315974;;;1;1;81.10Z;94.99Y;;27 GRANDE RUE 25500 MORTEAU;N;47.0572855747527,6.60427177631243;2005-07-01;2008-01-01;47.0572855747527;6.60427177631243;A;9110;NN;N
LA POSTE;483315974;;;1;1;81.10Z;94.99Y;;27 GRANDE RUE 25500 MORTEAU;N;47.0572855747527,6.60427177631243;2005-07-01;2008-01-01;47.0572855747527;6.60427177631243;A;9110;NN;N
LA POSTE;483315974;;;1;1;81.10Z;94.99Y;;27 GRANDE RUE 25500 MORTEAU;N;47.0572855747527,6.60427177631243;2005-07-01;2008-01-01;47.0572855747527;6.60427177631243;A;9110;NN;N
LA POSTE;883262073;;;1;1;68.20B;68.20H;;118 RUE DES JONQUILLES 85220 COMMEQUIERS;N;46.76472115,-1.843038892;2020-04-23;2020-04-23;46.76472115;-1.843038892;A;6540;NN;L
LA POSTE;883262073;;;1;1;68.20B;68.20H;;118 RUE DES JONQUILLES 85220 COMMEQUIERS;N;46.76472115,-1.843038892;2020-04-23;2020-04-23;46.76472115;-1.843038892;A;6540;NN;L
LA POSTE;883262073;;;1;1;68.20B;68.20H;;118 RUE DES JONQUILLES 85220 COMMEQUIERS;N;46.76472115,-1.843038892;2020-04-23;2020-04-23;46.76472115;-1.843038892;A;6540;NN;L
LA POSTE;883262073;;;1;1;68.20B;68.20H;;118 RUE DES JONQUILLES 85220 COMMEQUIERS;N;46.76472115,-1.843038892;2020-04-23;2020-04-23;46.76472115;-1.843038892;A;6540;NN;L
LA POSTE;883262073;;;1;1;68.20B;68.20H;;118 RUE DES JONQUILLES 85220 COMMEQUIERS;N;46.76472115,-1.843038892;2020-04-23;2020-04-23;46.76472115;-1.843038892;A;6540;NN;L
LA POSTE;883262073;;;1;1;68.20B;68.20H;;118 RUE DES JONQUILLES 85220 COMMEQUIERS;N;46.76472115,-1.843038892;2020-04-23;2020-04-23;46.76472115;-1.843038892;A;6540;NN;L
LA POSTE;883262073;;;1;1;68.20B;68.20H;;118 RUE DES JONQUILLES 85220 COMMEQUIERS;N;46.76472115,-1.843038892;2020-04-23;2020-04-23;46.76472115;-1.843038892;A;6540;NN;L
LA POSTE;883262073;;;1;1;68.20B;68.20H;;118 RUE DES JONQUILLES 85220 COMMEQUIERS;N;46.76472115,-1.843038892;2020-04-23;2020-04-23;46.76472115;-1.843038892;A;6540;NN;L
LA POSTE;883262073;;;1;1;68.20B;68.20H;;118 RUE DES JONQUILLES 85220 COMMEQUIERS;N;46.76472115,-1.843038892;2020-04-23;2020-04-23;46.76472115;-1.843038892;A;6540;NN;L
LA POSTE;883262073;;;1;1;68.20B;68.20H;;118 RUE DES JONQUILLES 85220 COMMEQUIERS;N;46.76472115,-1.843038892;2020-04-23;2020-04-23;46.76472115;-1.843038892;A;6540;NN;L
LA POSTE;883262073;;;1;1;68.20B;68.20H;;118 RUE DES JONQUILLES 85220 COMMEQUIERS;N;46.76472115,-1.843038892;2020-04-23;2020-04-23;46.76472115;-1.843038892;A;6540;NN;L
LA POSTE;883262073;;;1;1;68.20B;68.20H;;118 RUE DES JONQUILLES 85220 COMMEQUIERS;N;46.76472115,-1.843038892;2020-04-23;2020-04-23;46.76472115;-1.843038892;A;6540;NN;L
LA POSTE;883262073;;;1;1;68.20B;68.20H;;118 RUE DES JONQUILLES 85220 COMMEQUIERS;N;46.76472115,-1.843038892;2020-04-23;2020-04-23;46.76472115;-1.843038892;A;6540;NN;L
LA POSTE;883262073;;;1;1;68.20B;68.20H;;118 RUE DES JONQUILLES 85220 COMMEQUIERS;N;46.76472115,-1.843038892;2020-04-23;2020-04-23;46.76472115;-1.843038892;A;6540;NN;L
LA POSTE;883262073;;;1;1;68.20B;68.20H;;118 RUE DES JONQUILLES 85220 COMMEQUIERS;N;46.76472115,-1.843038892;2020-04-23;2020-04-23;46.76472115;-1.843038892;A;6540;NN;L
LA POSTE;883262073;;;1;1;68.20B;68.20H;;118 RUE DES JONQUILLES 85220 COMMEQUIERS;N;46.76472115,-1.843038892;2020-04-23;2020-04-23;46.76472115;-1.843038892;A;6540;NN;L
LA POSTE;883262073;;;1;1;68.20B;68.20H;;118 RUE DES JONQUILLES 85220 COMMEQUIERS;N;46.76472115,-1.843038892;2020-04-23;2020-04-23;46.76472115;-1.843038892;A;6540;NN;L
LA POSTE;883262073;;;1;1;68.20B;68.20H;;118 RUE DES JONQUILLES 85220 COMMEQUIERS;N;46.76472115,-1.843038892;2020-04-23;2020-04-23;46.76472115;-1.843038892;A;6540;NN;L
LA POSTE;883262073;;;1;1;68.20B;68.20H;;118 RUE DES JONQUILLES 85220 COMMEQUIERS;N;46.76472115,-1.843038892;2020-04-23;2020-04-23;46.76472115;-1.843038892;A;6540;NN;L
LA POSTE;883262073;;;1;1;68.20B;68.20H;;118 RUE DES JONQUILLES 85220 COMMEQUIERS;N;46.76472115,-1.843038892;2020-04-23;2020-04-23;46.76472115;-1.843038892;A;6540;NN;L
LA POSTE;811113067;;;1;1;68.20B;68.20H;;12 RUE DU GENERAL DE GAULLE 88500 MATTAINCOURT;N;48.282640348,6.1319288273;2015-04-11;2015-04-11;48.282640348;6.1319288273;A;6540;NN;L
LA POSTE;811113067;;;1;1;68.20B;68.20H;;12 RUE DU GENERAL DE GAULLE 88500 MATTAINCOURT;N;48.282640348,6.1319288273;2015-04-11;2015-04-11;48.282640348;6.1319288273;A;6540;NN;L
LA POSTE;811113067;;;1;1;68.20B;68.20H;;12 RUE DU GENERAL DE GAULLE 88500 MATTAINCOURT;N;48.282640348,6.1319288273;2015-04-11;2015-04-11;48.282640348;6.1319288273;A;6540;NN;L
LA POSTE;811113067;;;1;1;68.20B;68.20H;;12 RUE DU GENERAL DE GAULLE 88500 MATTAINCOURT;N;48.282640348,6.1319288273;2015-04-11;2015-04-11;48.282640348;6.1319288273;A;6540;NN;L
LA POSTE;811113067;;;1;1;68.20B;68.20H;;12 RUE DU GENERAL DE GAULLE 88500 MATTAINCOURT;N;48.282640348,6.1319288273;2015-04-11;2015-04-11;48.282640348;6.1319288273;A;6540;NN;L
LA POSTE;811113067;;;1;1;68.20B;68.20H;;12 RUE DU GENERAL DE GAULLE 88500 MATTAINCOURT;N;48.282640348,6.1319288273;2015-04-11;2015-04-11;48.282640348;6.1319288273;A;6540;NN;L
LA POSTE;811113067;;;1;1;68.20B;68.20H;;12 RUE DU GENERAL DE GAULLE 88500 MATTAINCOURT;N;48.282640348,6.1319288273;2015-04-11;2015-04-11;48.282640348;6.1319288273;A;6540;NN;L
LA POSTE;811113067;;;1;1;68.20B;68.20H;;12 RUE DU GENERAL DE GAULLE 88500 MATTAINCOURT;N;48.282640348,6.1319288273;2015-04-11;2015-04-11;48.282640348;6.1319288273;A;6540;NN;L
LA POSTE;811113067;;;1;1;68.20B;68.20H;;12 RUE DU GENERAL DE GAULLE 88500 MATTAINCOURT;N;48.282640348,6.1319288273;2015-04-11;2015-04-11;48.282640348;6.1319288273;A;6540;NN;L
LA POSTE;811113067;;;1;1;68.20B;68.20H;;12 RUE DU GENERAL DE GAULLE 88500 MATTAINCOURT;N;48.282640348,6.1319288273;2015-04-11;2015-04-11;48.282640348;6.1319288273;A;6540;NN;L
LA POSTE;811113067;;;1;1;68.20B;68.20H;;12 RUE DU GENERAL DE GAULLE 88500 MATTAINCOURT;N;48.282640348,6.1319288273;2015-04-11;2015-04-11;48.282640348;6.1319288273;A;6540;NN;L
LA POSTE;811113067;;;1;1;68.20B;68.20H;;12 RUE DU GENERAL DE GAULLE 88500 MATTAINCOURT;N;48.282640348,6.1319288273;2015-04-11;2015-04-11;48.282640348;6.1319288273;A;6540;NN;L
LA POSTE;811113067;;;1;1;68.20B;68.20H;;12 RUE DU GENERAL DE GAULLE 88500 MATTAINCOURT;N;48.282640348,6.1319288273;2015-04-11;2015-04-11;48.282640348;6.1319288273;A;6540;NN;L
LA POSTE;811113067;;;1;1;68.20B;68.20H;;12 RUE DU GENERAL DE GAULLE 88500 MATTAINCOURT;N;48.282640348,6.1319288273;2015-04-11;2015-04-11;48.282640348;6.1319288273;A;6540;NN;L
LA POSTE;811113067;;;1;1;68.20B;68.20H;;12 RUE DU GENERAL DE GAULLE 88500 MATTAINCOURT;N;48.282640348,6.1319288273;2015-04-11;2015-04-11;48.282640348;6.1319288273;A;6540;NN;L
LA POSTE;811113067;;;1;1;68.20B;68.20H;;12 RUE DU GENERAL DE GAULLE 88500 MATTAINCOURT;N;48.282640348,6.1319288273;2015-04-11;2015-04-11;48.282640348;6.1319288273;A;6540;NN;L
LA POSTE;811113067;;;1;1;68.20B;68.20H;;12 RUE DU GENERAL DE GAULLE 88500 MATTAINCOURT;N;48.282640348,6.1319288273;2015-04-11;2015-04-11;48.282640348;6.1319288273;A;6540;NN;L
LA POSTE;811113067;;;1;1;68.20B;68.20H;;12 RUE DU GENERAL DE GAULLE 88500 MATTAINCOURT;N;48.282640348,6.1319288273;2015-04-11;2015-04-11;48.282640348;6.1319288273;A;6540;NN;L
LA POSTE;811113067;;;1;1;68.20B;68.20H;;12 RUE DU GENERAL DE GAULLE 88500 MATTAINCOURT;N;48.282640348,6.1319288273;2015-04-11;2015-04-11;48.282640348;6.1319288273;A;6540;NN;L
LA POSTE;811113067;;;1;1;68.20B;68.20H;;12 RUE DU GENERAL DE GAULLE 88500 MATTAINCOURT;N;48.282640348,6.1319288273;2015-04-11;2015-04-11;48.282640348;6.1319288273;A;6540;NN;L
LA POSTE;928695022;;;1;1;68.20B;68.20H;;SOURDEVAL 2 BOULEVARD DU 11 NOVEMBRE 50150 SOURDEVAL;N;48.722600604,-0.924874506;2024-05-07;2024-05-07;48.722600604;-0.924874506;A;6540;NN;L
LA POSTE;928695022;;;1;1;68.20B;68.20H;;SOURDEVAL 2 BOULEVARD DU 11 NOVEMBRE 50150 SOURDEVAL;N;48.722600604,-0.924874506;2024-05-07;2024-05-07;48.722600604;-0.924874506;A;6540;NN;L
LA POSTE;928695022;;;1;1;68.20B;68.20H;;SOURDEVAL 2 BOULEVARD DU 11 NOVEMBRE 50150 SOURDEVAL;N;48.722600604,-0.924874506;2024-05-07;2024-05-07;48.722600604;-0.924874506;A;6540;NN;L
LA POSTE;928695022;;;1;1;68.20B;68.20H;;SOURDEVAL 2 BOULEVARD DU 11 NOVEMBRE 50150 SOURDEVAL;N;48.722600604,-0.924874506;2024-05-07;2024-05-07;48.722600604;-0.924874506;A;6540;NN;L
LA POSTE;928695022;;;1;1;68.20B;68.20H;;SOURDEVAL 2 BOULEVARD DU 11 NOVEMBRE 50150 SOURDEVAL;N;48.722600604,-0.924874506;2024-05-07;2024-05-07;48.722600604;-0.924874506;A;6540;NN;L
LA POSTE;928695022;;;1;1;68.20B;68.20H;;SOURDEVAL 2 BOULEVARD DU 11 NOVEMBRE 50150 SOURDEVAL;N;48.722600604,-0.924874506;2024-05-07;2024-05-07;48.722600604;-0.924874506;A;6540;NN;L
LA POSTE;928695022;;;1;1;68.20B;68.20H;;SOURDEVAL 2 BOULEVARD DU 11 NOVEMBRE 50150 SOURDEVAL;N;48.722600604,-0.924874506;2024-05-07;2024-05-07;48.722600604;-0.924874506;A;6540;NN;L
LA POSTE;928695022;;;1;1;68.20B;68.20H;;SOURDEVAL 2 BOULEVARD DU 11 NOVEMBRE 50150 SOURDEVAL;N;48.722600604,-0.924874506;2024-05-07;2024-05-07;48.722600604;-0.924874506;A;6540;NN;L
LA POSTE;928695022;;;1;1;68.20B;68.20H;;SOURDEVAL 2 BOULEVARD DU 11 NOVEMBRE 50150 SOURDEVAL;N;48.722600604,-0.924874506;2024-05-07;2024-05-07;48.722600604;-0.924874506;A;6540;NN;L
LA POSTE;928695022;;;1;1;68.20B;68.20H;;SOURDEVAL 2 BOULEVARD DU 11 NOVEMBRE 50150 SOURDEVAL;N;48.722600604,-0.924874506;2024-05-07;2024-05-07;48.722600604;-0.924874506;A;6540;NN;L
LA POSTE;928695022;;;1;1;68.20B;68.20H;;SOURDEVAL 2 BOULEVARD DU 11 NOVEMBRE 50150 SOURDEVAL;N;48.722600604,-0.924874506;2024-05-07;2024-05-07;48.722600604;-0.924874506;A;6540;NN;L
LA POSTE;928695022;;;1;1;68.20B;68.20H;;SOURDEVAL 2 BOULEVARD DU 11 NOVEMBRE 50150 SOURDEVAL;N;48.722600604,-0.924874506;2024-05-07;2024-05-07;48.722600604;-0.924874506;A;6540;NN;L
LA POSTE;928695022;;;1;1;68.20B;68.20H;;SOURDEVAL 2 BOULEVARD DU 11 NOVEMBRE 50150 SOURDEVAL;N;48.722600604,-0.924874506;2024-05-07;2024-05-07;48.722600604;-0.924874506;A;6540;NN;L
LA POSTE;928695022;;;1;1;68.20B;68.20H;;SOURDEVAL 2 BOULEVARD DU 11 NOVEMBRE 50150 SOURDEVAL;N;48.722600604,-0.924874506;2024-05-07;2024-05-07;48.722600604;-0.924874506;A;6540;NN;L
LA POSTE;928695022;;;1;1;68.20B;68.20H;;SOURDEVAL 2 BOULEVARD DU 11 NOVEMBRE 50150 SOURDEVAL;N;48.722600604,-0.924874506;2024-05-07;2024-05-07;48.722600604;-0.924874506;A;6540;NN;L
LA POSTE;928695022;;;1;1;68.20B;68.20H;;SOURDEVAL 2 BOULEVARD DU 11 NOVEMBRE 50150 SOURDEVAL;N;48.722600604,-0.924874506;2024-05-07;2024-05-07;48.722600604;-0.924874506;A;6540;NN;L
LA POSTE;928695022;;;1;1;68.20B;68.20H;;SOURDEVAL 2 BOULEVARD DU 11 NOVEMBRE 50150 SOURDEVAL;N;48.722600604,-0.924874506;2024-05-07;2024-05-07;48.722600604;-0.924874506;A;6540;NN;L
LA POSTE;928695022;;;1;1;68.20B;68.20H;;SOURDEVAL 2 BOULEVARD DU 11 NOVEMBRE 50150 SOURDEVAL;N;48.722600604,-0.924874506;2024-05-07;2024-05-07;48.722600604;-0.924874506;A;6540;NN;L
LA POSTE;928695022;;;1;1;68.20B;68.20H;;SOURDEVAL 2 BOULEVARD DU 11 NOVEMBRE 50150 SOURDEVAL;N;48.722600604,-0.924874506;2024-05-07;2024-05-07;48.722600604;-0.924874506;A;6540;NN;L
LA POSTE;928695022;;;1;1;68.20B;68.20H;;SOURDEVAL 2 BOULEVARD DU 11 NOVEMBRE 50150 SOURDEVAL;N;48.722600604,-0.924874506;2024-05-07;2024-05-07;48.722600604;-0.924874506;A;6540;NN;L
LA POSTE;338403827;;;2;0;68.20B;68.20H;;350 ROUTE DES ANGERES 38410 SAINT-MARTIN-D'URIAGE;N;45.148978533,5.8473899999;2011-09-15;2025-06-30;45.148978533;5.8473899999;A;6540;NN;L
LA POSTE;338403827;;;2;0;68.20B;68.20H;;350 ROUTE DES ANGERES 38410 SAINT-MARTIN-D'URIAGE;N;45.148978533,5.8473899999;2011-09-15;2025-06-30;45.148978533;5.8473899999;A;6540;NN;L
LA POSTE;338403827;;;2;0;68.20B;68.20H;;350 ROUTE DES ANGERES 38410 SAINT-MARTIN-D'URIAGE;N;45.148978533,5.8473899999;2011-09-15;2025-06-30;45.148978533;5.8473899999;A;6540;NN;L
LA POSTE;338403827;;;2;0;68.20B;68.20H;;350 ROUTE DES ANGERES 38410 SAINT-MARTIN-D'URIAGE;N;45.148978533,5.8473899999;2011-09-15;2025-06-30;45.148978533;5.8473899999;A;6540;NN;L
LA POSTE;338403827;;;2;0;68.20B;68.20H;;350 ROUTE DES ANGERES 38410 SAINT-MARTIN-D'URIAGE;N;45.148978533,5.8473899999;2011-09-15;2025-06-30;45.148978533;5.8473899999;A;6540;NN;L
LA POSTE;338403827;;;2;0;68.20B;68.20H;;350 ROUTE DES ANGERES 38410 SAINT-MARTIN-D'URIAGE;N;45.148978533,5.8473899999;2011-09-15;2025-06-30;45.148978533;5.8473899999;A;6540;NN;L
LA POSTE;338403827;;;2;0;68.20B;68.20H;;350 ROUTE DES ANGERES 38410 SAINT-MARTIN-D'URIAGE;N;45.148978533,5.8473899999;2011-09-15;2025-06-30;45.148978533;5.8473899999;A;6540;NN;L
LA POSTE;338403827;;;2;0;68.20B;68.20H;;350 ROUTE DES ANGERES 38410 SAINT-MARTIN-D'URIAGE;N;45.148978533,5.8473899999;2011-09-15;2025-06-30;45.148978533;5.8473899999;A;6540;NN;L
LA POSTE;338403827;;;2;0;68.20B;68.20H;;350 ROUTE DES ANGERES 38410 SAINT-MARTIN-D'URIAGE;N;45.148978533,5.8473899999;2011-09-15;2025-06-30;45.148978533;5.8473899999;A;6540;NN;L
LA POSTE;338403827;;;2;0;68.20B;68.20H;;350 ROUTE DES ANGERES 38410 SAINT-MARTIN-D'URIAGE;N;45.148978533,5.8473899999;2011-09-15;2025-06-30;45.148978533;5.8473899999;A;6540;NN;L
LA POSTE;338403827;;;2;0;68.20B;68.20H;;350 ROUTE DES ANGERES 38410 SAINT-MARTIN-D'URIAGE;N;45.148978533,5.8473899999;2011-09-15;2025-06-30;45.148978533;5.8473899999;A;6540;NN;L
LA POSTE;338403827;;;2;0;68.20B;68.20H;;350 ROUTE DES ANGERES 38410 SAINT-MARTIN-D'URIAGE;N;45.148978533,5.8473899999;2011-09-15;2025-06-30;45.148978533;5.8473899999;A;6540;NN;L
LA POSTE;338403827;;;2;0;68.20B;68.20H;;350 ROUTE DES ANGERES 38410 SAINT-MARTIN-D'URIAGE;N;45.148978533,5.8473899999;2011-09-15;2025-06-30;45.148978533;5.8473899999;A;6540;NN;L
LA POSTE;338403827;;;2;0;68.20B;68.20H;;350 ROUTE DES ANGERES 38410 SAINT-MARTIN-D'URIAGE;N;45.148978533,5.8473899999;2011-09-15;2025-06-30;45.148978533;5.8473899999;A;6540;NN;L
LA POSTE;338403827;;;2;0;68.20B;68.20H;;350 ROUTE DES ANGERES 38410 SAINT-MARTIN-D'URIAGE;N;45.148978533,5.8473899999;2011-09-15;2025-06-30;45.148978533;5.8473899999;A;6540;NN;L
LA POSTE;338403827;;;2;0;68.20B;68.20H;;350 ROUTE DES ANGERES 38410 SAINT-MARTIN-D'URIAGE;N;45.148978533,5.8473899999;2011-09-15;2025-06-30;45.148978533;5.8473899999;A;6540;NN;L
LA POSTE;338403827;;;2;0;68.20B;68.20H;;350 ROUTE DES ANGERES 38410 SAINT-MARTIN-D'URIAGE;N;45.148978533,5.8473899999;2011-09-15;2025-06-30;45.148978533;5.8473899999;A;6540;NN;L
LA POSTE;338403827;;;2;0;68.20B;68.20H;;350 ROUTE DES ANGERES 38410 SAINT-MARTIN-D'URIAGE;N;45.148978533,5.8473899999;2011-09-15;2025-06-30;45.148978533;5.8473899999;A;6540;NN;L
LA POSTE;338403827;;;2;0;68.20B;68.20H;;350 ROUTE DES ANGERES 38410 SAINT-MARTIN-D'URIAGE;N;45.148978533,5.8473899999;2011-09-15;2025-06-30;45.148978533;5.8473899999;A;6540;NN;L
LA POSTE;338403827;;;2;0;68.20B;68.20H;;350 ROUTE DES ANGERES 38410 SAINT-MARTIN-D'URIAGE;N;45.148978533,5.8473899999;2011-09-15;2025-06-30;45.148978533;5.8473899999;A;6540;NN;L
